date,trades,total_volume,avg_leverage,avg_pnl,median_pnl,win_rate,classification
2023-05-01,3,476.99280999999996,1.0,0.0,0.0,0.0,Greed
2023-12-05,9,50005.82917,1.0,0.0,0.0,0.0,Extreme Greed
2023-12-14,11,113203.34547,1.0,-18.675885181818188,0.0,0.36363636363636365,Greed
2023-12-15,2,10609.956,1.0,-12.316016999999999,-12.316016999999999,0.0,Greed
2023-12-16,3,15348.76138,1.0,0.0,0.0,0.0,Greed
2023-12-17,14,116278.018081,1.0,21.78448464285714,0.02676,0.5,Greed
2023-12-18,2,31164.1856,1.0,0.0,0.0,0.0,Greed
2023-12-19,15,91602.41239,1.0,66.70257413333334,4.502567,0.6666666666666666,Greed
2023-12-20,18,141636.78283,1.0,9.040682333333333,0.0,0.4444444444444444,Greed
2023-12-21,49,125233.97907,1.0,10.963498000000001,0.032592,0.5306122448979592,Greed
2023-12-22,10,88874.27747,1.0,14.1832675,0.0,0.2,Greed
2023-12-23,13,78438.24836,1.0,11.302823384615383,10.836504,0.6153846153846154,Greed
2023-12-24,39,402954.92766,1.0,25.862050153846155,0.0,0.38461538461538464,Greed
2023-12-25,3,59948.50502,1.0,-81.69378266666666,0.0,0.0,Greed
2023-12-27,28,171411.03608,1.0,-25.174615249999995,0.0,0.14285714285714285,Greed
2023-12-28,23,100117.24515,1.0,-42.20569026086957,-13.250952,0.0,Greed
2023-12-29,50,569559.70558,1.0,10.178442859999999,0.0,0.3,Greed
2023-12-30,52,702550.20174,1.0,6.826897076923077,0.0,0.4423076923076923,Greed
2024-01-01,18,264239.51261,1.0,-7.196192222222223,0.0,0.05555555555555555,Greed
2024-01-02,17,121348.72987200001,1.0,46.11641858823529,0.0,0.47058823529411764,Greed
2024-01-03,67,394499.36837399995,1.0,12.925604582089552,0.0,0.417910447761194,Greed
2024-01-04,5,99792.53588000001,1.0,-13.520728,-0.0786,0.0,Greed
2024-01-05,66,1703942.66731,1.0,2.486993409090909,0.0,0.19696969696969696,Greed
2024-01-06,22,298521.41284,1.0,6.16280290909091,0.0,0.45454545454545453,Greed
2024-01-07,97,1048850.051251,1.0,-8.615270463917525,0.0,0.09278350515463918,Greed
2024-01-08,128,1522452.47911,1.0,-2.1083940546875,0.0,0.25,Greed
2024-01-09,70,870051.9215299999,1.0,-11.804998042857143,0.0,0.2571428571428571,Extreme Greed
2024-01-10,193,2057479.485642,1.0,-7.860576901554404,0.0,0.21243523316062177,Greed
2024-01-11,21,305314.08634,1.0,-7.813785761904761,0.0,0.23809523809523808,Extreme Greed
2024-01-12,7,200082.27383999998,1.0,-275.0741462857143,0.0,0.0,Greed
2024-01-15,14,50636.080449999994,1.0,10.918112857142857,2.4946450000000002,0.6428571428571429,Neutral
2024-01-16,9,116427.3314,1.0,-255.4634953333333,0.0,0.3333333333333333,Greed
2024-01-17,53,800831.0522700001,1.0,15.344794547169812,0.0,0.20754716981132076,Greed
2024-01-18,46,424631.50679,1.0,1.4985476086956522,0.0,0.06521739130434782,Greed
2024-01-19,48,428428.961,1.0,-8.029567395833334,0.0,0.125,Neutral
2024-01-20,106,1070090.53039,1.0,-1.3827817924528305,0.0,0.14150943396226415,Neutral
2024-01-21,11,103129.73894400001,1.0,24.234649636363642,0.0,0.2727272727272727,Greed
2024-01-22,85,337878.99275000003,1.0,16.18401128235294,0.0,0.27058823529411763,Greed
2024-01-23,45,414518.917112,1.0,-8.20543844444444,0.0,0.24444444444444444,Neutral
2024-01-24,68,965084.596676,1.0,-41.29932080882353,0.0,0.14705882352941177,Neutral
2024-01-25,6,66566.13906,1.0,-515.6048975,-481.44219250000003,0.0,Neutral
2024-01-26,5,11773.211116,1.0,18.04,0.0,0.2,Neutral
2024-01-28,11,18109.007999999998,1.0,-225.27906545454545,-68.216526,0.0,Neutral
2024-01-29,74,414208.23184799997,1.0,6.5751694864864865,0.0479375,0.6081081081081081,Greed
2024-01-30,49,401011.34982,1.0,-3.5439630816326537,0.0,0.10204081632653061,Greed
2024-01-31,859,6305647.3764390005,1.0,-0.93113017112922,0.0,0.2689173457508731,Greed
2024-02-01,6,2008.1847710000002,1.0,0.0,0.0,0.0,Greed
2024-02-02,42,474278.433764,1.0,10.867225547619048,0.0,0.30952380952380953,Greed
2024-02-03,56,603819.98881,1.0,3.9876640535714283,0.0,0.10714285714285714,Greed
2024-02-04,35,203187.53669,1.0,1.360682714285714,-0.02695,0.2571428571428571,Greed
2024-02-05,72,770198.24871,1.0,-0.4646415833333337,0.0,0.19444444444444445,Greed
2024-02-06,1088,8047153.469136,1.0,-0.19817638511029412,0.0,0.1645220588235294,Greed
2024-02-07,15,6758.70464,1.0,16.082808,0.0,0.13333333333333333,Greed
2024-02-08,10,26051.1241,1.0,77.07560240000001,0.0,0.4,Greed
2024-02-11,34,212311.821349,1.0,28.924799294117648,0.0,0.20588235294117646,Greed
2024-02-12,16,227247.68179,1.0,57.11761168749999,-26.696452,0.375,Greed
2024-02-13,14,1999.9932,1.0,39.960277857142856,30.05825,1.0,Extreme Greed
2024-02-14,111,320839.927319,1.0,34.509908405405405,16.74,0.7477477477477478,Greed
2024-02-15,63,185188.107677,1.0,29.219010746031746,13.15072,0.9047619047619048,Greed
2024-02-16,182,564896.535928,1.0,30.174554032967034,11.42332,0.8021978021978022,Greed
2024-02-17,94,406118.06327,1.0,20.52810425531915,4.1904,0.648936170212766,Extreme Greed
2024-02-18,97,157048.21183000001,1.0,4.923967319587628,6.59648,0.6288659793814433,Greed
2024-02-19,101,286377.1492,1.0,42.750183792079206,10.73646,0.7623762376237624,Extreme Greed
2024-02-20,39,119419.723704,1.0,83.68279035897436,13.6526,0.7948717948717948,Greed
2024-02-21,22,108047.53806,1.0,84.49084409090909,25.544000000000004,0.6818181818181818,Extreme Greed
2024-02-22,88,373033.916586,1.0,44.25119397727272,0.0,0.45454545454545453,Greed
2024-02-23,143,111106.02652999999,1.0,9.91995055944056,7.189966,0.958041958041958,Extreme Greed
2024-02-25,5,4480.1295,1.0,-6.1541,0.0,0.0,Greed
2024-02-26,39,192187.18292999998,1.0,113.25249487179488,31.028709,0.8717948717948718,Greed
2024-02-27,63,209362.29179000002,1.0,14.103360841269842,0.0,0.4126984126984127,Extreme Greed
2024-02-28,45,171107.101114,1.0,55.63882744444444,18.122,0.8666666666666667,Extreme Greed
2024-02-29,116,395666.685727,1.0,84.60342234482759,29.654400000000003,0.8620689655172413,Extreme Greed
2024-03-01,137,472974.663145,1.0,60.176944591240876,27.04384,0.9343065693430657,Extreme Greed
2024-03-02,31,63197.542455,1.0,7.448406451612905,1.3124,0.6774193548387096,Extreme Greed
2024-03-03,79,390745.677042,1.0,105.83653474683545,15.04116,0.6835443037974683,Extreme Greed
2024-03-04,300,1577996.746285,1.0,92.66591914,30.85353,0.8866666666666667,Extreme Greed
2024-03-05,180,841810.2949559999,1.0,109.95014467222222,34.3644515,0.9055555555555556,Extreme Greed
2024-03-06,82,327217.990646,1.0,83.10762364634145,27.00537,0.8780487804878049,Extreme Greed
2024-03-08,67,183583.229574,1.0,63.7594960597015,12.4432,0.8805970149253731,Extreme Greed
2024-03-09,117,658178.765539,1.0,85.03847541880343,25.01825,0.8290598290598291,Extreme Greed
2024-03-10,42,219973.8624,1.0,59.117314285714286,2.505,0.6904761904761905,Extreme Greed
2024-03-11,42,176519.42601,1.0,85.43284511904761,18.72521,0.9285714285714286,Extreme Greed
2024-03-12,8,103040.842,1.0,379.89575,16.76285,0.875,Extreme Greed
2024-03-13,7,6000.8022599999995,1.0,0.0,0.0,0.0,Extreme Greed
2024-03-14,18,205933.17923,1.0,192.5481017777778,50.144227,0.8888888888888888,Extreme Greed
2024-03-15,62,351894.414518,1.0,100.58892985483871,24.1152,0.6612903225806451,Extreme Greed
2024-03-16,8,37223.66167,1.0,28.57248,0.0,0.125,Extreme Greed
2024-03-17,23,99506.94409,1.0,21.882345869565217,0.0,0.43478260869565216,Extreme Greed
2024-03-18,19,90458.06317,1.0,76.68198421052631,0.0,0.3157894736842105,Extreme Greed
2024-03-19,24,219884.87557,1.0,27.86658220833333,0.0,0.20833333333333334,Extreme Greed
2024-03-20,69,215705.92522,1.0,93.08890723188406,14.004,0.8695652173913043,Greed
2024-03-21,28,117895.56306,1.0,83.41100267857142,27.4342,0.8214285714285714,Extreme Greed
2024-03-24,19,92592.22297,1.0,68.26413036842105,35.104212,0.7894736842105263,Greed
2024-03-25,7,57116.32732,1.0,186.13091828571427,149.807117,0.8571428571428571,Extreme Greed
2024-03-26,118,198565.2084,1.0,27.253445703389833,18.078525,0.9322033898305084,Extreme Greed
2024-03-27,38,99864.78379,1.0,3.9581878947368416,0.0,0.3157894736842105,Extreme Greed
2024-03-28,13,35323.735136,1.0,17.527000615384615,12.233936,0.6923076923076923,Extreme Greed
2024-03-29,15,86914.38673,1.0,58.873160266666666,0.0,0.4,Extreme Greed
2024-03-30,45,101103.90474,1.0,24.45722533333333,10.11075,0.9777777777777777,Extreme Greed
2024-03-31,13,39912.93963000001,1.0,70.21431884615384,16.0695,0.7692307692307693,Extreme Greed
2024-04-01,77,339470.500845,1.0,32.57095332467532,0.54675,0.5454545454545454,Extreme Greed
2024-04-02,41,239664.47561000002,1.0,21.555141756097562,0.0,0.2926829268292683,Extreme Greed
2024-04-03,4,16887.5616,1.0,31.6971,0.0,0.25,Greed
2024-04-04,32,95987.71009,1.0,0.0,0.0,0.0,Greed
2024-04-05,100,503791.831726,1.0,107.06484306,8.978760000000001,0.9,Extreme Greed
2024-04-06,16,68223.66744,1.0,14.770945874999999,0.0,0.25,Extreme Greed
2024-04-07,23,49988.1611,1.0,0.0,0.0,0.0,Extreme Greed
2024-04-08,30,211940.64508,1.0,40.614223333333335,0.0,0.03333333333333333,Extreme Greed
2024-04-09,3,57063.83727,1.0,0.0,0.0,0.0,Extreme Greed
2024-04-10,41,351735.94638,1.0,127.01081497560976,32.322,0.8780487804878049,Extreme Greed
2024-04-11,16,76400.96631999999,1.0,24.35894775,0.0,0.125,Extreme Greed
2024-04-12,129,442088.595023,1.0,-4.594153790697676,4.032548,0.5503875968992248,Extreme Greed
2024-04-13,89,486411.283626,1.0,74.3983343258427,15.90732,0.6853932584269663,Greed
2024-04-14,107,659162.167688,1.0,-337.4206777570094,0.0,0.308411214953271,Greed
2024-04-15,41,291111.17707,1.0,92.05094439024391,14.65548,0.8536585365853658,Greed
2024-04-16,47,181907.20026,1.0,52.504302574468085,17.7287,0.9148936170212766,Greed
2024-04-17,14,97562.9796,1.0,174.39059999999998,48.21955,0.9285714285714286,Greed
2024-04-19,35,337257.91968,1.0,55.61272748571429,19.918472,0.7714285714285715,Greed
2024-04-20,22,60733.23488,1.0,0.0,0.0,0.0,Greed
2024-04-22,9,47993.62418,1.0,0.0,0.0,0.0,Greed
2024-04-23,66,233054.85759,1.0,16.962669636363636,0.07805000000000001,0.5303030303030303,Greed
2024-04-24,20,141275.21555,1.0,13.95929535,0.0,0.3,Greed
2024-04-25,74,120240.99586000001,1.0,0.0,0.0,0.0,Greed
2024-04-26,3,4988.28521,1.0,0.0,0.0,0.0,Greed
2024-04-27,27,154264.46749,1.0,158.57363477777778,61.458,0.7037037037037037,Greed
2024-04-28,58,43985.63142,1.0,0.0,0.0,0.0,Greed
2024-04-29,45,108699.00198,1.0,11.709640799999999,0.0,0.37777777777777777,Greed
2024-04-30,24,125018.74591,1.0,0.0,0.0,0.0,Greed
2024-05-01,14,87025.4638,1.0,0.0,0.0,0.0,Neutral
2024-05-03,36,282682.63886,1.0,147.3893623611111,0.0,0.4722222222222222,Neutral
2024-05-04,9,58998.751001000004,1.0,0.0,0.0,0.0,Greed
2024-05-05,6,24068.344540000002,1.0,0.15266666666666667,0.0,0.16666666666666666,Greed
2024-05-06,9,206016.42648,1.0,107.62115333333333,0.0,0.4444444444444444,Greed
2024-05-07,18,108717.587358,1.0,49.08542738888889,9.50184,0.5,Greed
2024-05-08,13,65973.57249,1.0,0.12044307692307693,0.0,0.07692307692307693,Greed
2024-05-09,28,221966.12848999997,1.0,40.985566285714285,0.0,0.39285714285714285,Greed
2024-05-10,22,156881.99536,1.0,95.53371340909092,0.0,0.2727272727272727,Greed
2024-05-11,9,63248.936779999996,1.0,27.956082444444444,6.001646,1.0,Neutral
2024-05-12,23,55179.539282,1.0,0.0,0.0,0.0,Greed
2024-05-13,28,193118.89158999998,1.0,76.31620925,0.0,0.35714285714285715,Greed
2024-05-14,23,145853.40901,1.0,50.02275239130436,0.0,0.17391304347826086,Greed
2024-05-15,36,234922.58374,1.0,26.360293944444447,0.0,0.4722222222222222,Greed
2024-05-16,27,162620.95312999998,1.0,7.94777037037037,0.0,0.18518518518518517,Greed
2024-05-18,25,126303.14745,1.0,140.89578644000002,6.828,0.64,Greed
2024-05-19,8,29998.084300000002,1.0,0.0,0.0,0.0,Greed
2024-05-20,10,38124.759653,1.0,-7.4818442,0.0,0.0,Greed
2024-05-21,125,1100948.58418,1.0,58.31518057599999,0.0,0.112,Extreme Greed
2024-05-22,6,44995.28661,1.0,0.0,0.0,0.0,Extreme Greed
2024-05-23,325,401850.593567,1.0,1.2718379353846154,0.0,0.4461538461538462,Extreme Greed
2024-05-24,2,50811.902200000004,1.0,410.974639,410.974639,1.0,Greed
2024-05-25,16,29991.122934000003,1.0,0.8828774374999999,0.0,0.3125,Extreme Greed
2024-05-26,16,53976.68183,1.0,48.66774375,0.0,0.25,Extreme Greed
2024-05-27,251,151115.724461,1.0,4.499425776892431,0.0,0.35856573705179284,Greed
2024-05-29,164,84268.709095,1.0,1.6938533719512194,0.0,0.4146341463414634,Greed
2024-05-30,7,2838.085376,1.0,2.9930618571428576,1.617104,0.7142857142857143,Greed
2024-05-31,13,3636.149459,1.0,1.9506246153846154,0.0,0.3076923076923077,Greed
2024-06-01,25,12834.623744,1.0,3.66041676,0.0,0.36,Greed
2024-06-02,93,29464.546476,1.0,2.074268247311828,0.0,0.3655913978494624,Greed
2024-06-03,70,21466.868433,1.0,8.040117257142859,4.63499,0.6285714285714286,Greed
2024-06-04,53,24243.41788,1.0,0.9851214716981133,0.0,0.4716981132075472,Greed
2024-06-05,54,25350.75432,1.0,1.038064925925926,0.0,0.2962962962962963,Extreme Greed
2024-06-06,234,137557.83376,1.0,1.1716802863247862,0.0,0.42735042735042733,Extreme Greed
2024-06-07,440,1098588.8932400001,1.0,20.23288049090909,0.0,0.4,Extreme Greed
2024-06-08,29,97351.86465,1.0,4.453063413793104,0.0,0.27586206896551724,Greed
2024-06-09,17,22410.216839999997,1.0,0.0,0.0,0.0,Extreme Greed
2024-06-10,53,46587.90546,1.0,0.589939716981132,0.0,0.33962264150943394,Greed
2024-06-11,123,373279.909833,1.0,35.12708789430894,0.0,0.13821138211382114,Greed
2024-06-12,254,193407.9471,1.0,-86.16744682283463,0.0,0.08267716535433071,Greed
2024-06-13,79,132577.23353,1.0,83.95895082278481,0.0,0.24050632911392406,Greed
2024-06-14,31,139868.6321,1.0,330.9223422258064,0.0,0.4838709677419355,Greed
2024-06-15,78,718350.23447,1.0,43.20459417948718,0.0,0.48717948717948717,Greed
2024-06-16,11,25235.095559999998,1.0,0.0,0.0,0.0,Greed
2024-06-17,38,368380.12568,1.0,278.9342730263158,144.121501,0.6578947368421053,Greed
2024-06-18,25,263314.82219000004,1.0,11.3030544,0.0,0.16,Greed
2024-06-19,61,417071.12466,1.0,80.12552367213115,0.399945,0.5081967213114754,Greed
2024-06-20,39,207990.784464,1.0,1473.8065647692308,0.0,0.20512820512820512,Greed
2024-06-21,80,176264.47105999998,1.0,9.66947755,0.0,0.0375,Greed
2024-06-22,24,169594.28022,1.0,31.536523541666668,0.0,0.3333333333333333,Neutral
2024-06-23,5,1792.12,1.0,0.0,0.0,0.0,Greed
2024-06-24,31,403002.78763000004,1.0,0.0,0.0,0.0,Neutral
2024-06-25,49,103099.07311,1.0,99.3745531632653,0.0,0.22448979591836735,Fear
2024-06-26,72,365190.66183,1.0,58.30183586111111,0.0,0.2916666666666667,Neutral
2024-06-27,30,130486.9624,1.0,0.0,0.0,0.0,Fear
2024-06-29,75,280095.11999100004,1.0,82.0043486,0.0,0.32,Fear
2024-06-30,14,30520.698599999996,1.0,0.0,0.0,0.0,Neutral
2024-07-01,64,362670.14177832,1.0,79.1537391875,0.0,0.40625,Neutral
2024-07-02,18,33347.468420000005,1.0,134.514062,10.35,0.7222222222222222,Neutral
2024-07-03,18,179600.65518,1.0,62.132626888888886,0.0,0.2222222222222222,Neutral
2024-07-04,25,430567.99370999995,1.0,0.0,0.0,0.0,Fear
2024-07-05,32,272289.87738,1.0,0.0,0.0,0.0,Fear
2024-07-06,24,2490.18429332,1.0,4.53634075,0.0,0.2916666666666667,Fear
2024-07-07,10,498.75,1.0,6.1428942,4.9143155,1.0,Fear
2024-07-08,1,497.64,1.0,0.0,0.0,0.0,Fear
2024-07-09,15,2736.4455,1.0,43.265627466666665,37.164306,1.0,Fear
2024-07-10,56,687900.18475,1.0,213.88812333928573,59.449220999999994,0.6785714285714286,Fear
2024-07-11,19,169887.01205999998,1.0,98.77958326315789,0.0,0.47368421052631576,Fear
2024-07-12,19,89582.96714000001,1.0,74.33235021052631,0.0,0.47368421052631576,Fear
2024-07-13,17,139189.19196,1.0,171.38928452941175,105.890838,1.0,Fear
2024-07-14,7,84001.12074,1.0,0.0,0.0,0.0,Fear
2024-07-15,26,198344.85125,1.0,-0.038461538461538464,0.0,0.0,Neutral
2024-07-16,22,144000.54916,1.0,0.0,0.0,0.0,Greed
2024-07-17,351,626005.51014,1.0,5.297064037037037,0.0,0.4131054131054131,Greed
2024-07-18,60,649704.82814,1.0,63.398071849999994,19.3456475,0.8,Greed
2024-07-19,23,150269.43056,1.0,93.73439626086956,12.29371,0.5217391304347826,Greed
2024-07-20,266,244362.21072,1.0,8.643494609022557,0.0,0.12406015037593984,Greed
2024-07-21,448,234307.40842,1.0,-6.608743051339286,0.0,0.046875,Greed
2024-07-22,154,304213.71142,1.0,9.851427766233765,-1.8459855,0.14285714285714285,Greed
2024-07-23,370,358526.5282,1.0,242.9467627189189,38.355177,0.8891891891891892,Greed
2024-07-24,90,69207.92880726614,1.0,6.9506831,0.0,0.2,Greed
2024-07-25,78,528555.3094460242,1.0,11.753054615384617,0.0,0.1282051282051282,Greed
2024-07-26,152,548587.650090869,1.0,18.200744164473683,0.0,0.40131578947368424,Greed
2024-07-27,57,905199.782580988,1.0,112.2916430877193,41.72143,0.7368421052631579,Greed
2024-07-28,16,43254.660500000005,1.0,36.706189375,36.338475,0.75,Greed
2024-07-29,39,327199.14641000004,1.0,8.482165487179486,0.0,0.41025641025641024,Greed
2024-07-30,6,36006.47697,1.0,0.0,0.0,0.0,Greed
2024-07-31,43,84506.534086,1.0,17.806764744186047,0.0,0.32558139534883723,Greed
2024-08-01,57,227774.51260871076,1.0,2.9312283684210527,0.0,0.07017543859649122,Neutral
2024-08-02,63,396320.3565008986,1.0,12.418542714285714,0.0,0.2698412698412698,Greed
2024-08-03,37,290532.88809492247,1.0,12.545667567567568,0.0,0.02702702702702703,Fear
2024-08-04,127,1207744.076719446,1.0,-965.9212667952756,0.0,0.023622047244094488,Fear
2024-08-05,80,420495.37342,1.0,-162.6708146125,0.0,0.4125,Fear
2024-08-06,107,61478.393769969996,1.0,2.4982995140186914,0.0,0.12149532710280374,Extreme Fear
2024-08-07,33,2492.769600670129,1.0,5.720886515151515,0.0,0.30303030303030304,Fear
2024-08-08,9,16299.355026344874,1.0,-4.5235796666666666,0.0,0.0,Extreme Fear
2024-08-09,144,503204.82161845063,1.0,125.56993941666666,0.0,0.2986111111111111,Neutral
2024-08-10,88,11339.27659695112,1.0,0.0,0.0,0.0,Fear
2024-08-11,24,44230.218423,1.0,35.32402583333334,0.0,0.16666666666666666,Fear
2024-08-12,48,54167.3325293208,1.0,17.88896875,0.0,0.125,Fear
2024-08-13,23,20797.882690046135,1.0,9.220913913043479,0.0,0.34782608695652173,Fear
2024-08-14,25,66710.01885611855,1.0,86.75606052,0.0,0.2,Fear
2024-08-15,12,1522.367833,1.0,0.0,0.0,0.0,Fear
2024-08-16,35,166382.806193,1.0,23.578015542857145,0.0,0.08571428571428572,Fear
2024-08-17,30,30248.943302,1.0,-9.609437100000001,0.0,0.0,Fear
2024-08-18,15,62804.47477449648,1.0,20.480125866666665,8.270808,0.8,Fear
2024-08-19,8,100315.03385,1.0,42.462447874999995,14.0197665,0.625,Fear
2024-08-20,12,49914.79692,1.0,16.050237,0.0,0.08333333333333333,Fear
2024-08-21,145,104990.427218,1.0,4.525523620689655,0.0,0.3724137931034483,Fear
2024-08-23,10,63509.55795,1.0,100.53052699999999,0.0,0.3,Fear
2024-08-24,7,34999.670079999996,1.0,0.0,0.0,0.0,Greed
2024-08-25,17,21950.275498,1.0,0.0,0.0,0.0,Neutral
2024-08-26,6,92611.27523,1.0,38.539486333333336,0.0,0.3333333333333333,Greed
2024-08-27,50,70250.16057617421,1.0,0.0,0.0,0.0,Neutral
2024-08-28,9,71160.08737,1.0,148.15107166666667,0.0,0.2222222222222222,Fear
2024-08-29,1,9995.8488,1.0,0.0,0.0,0.0,Fear
2024-08-30,6,37233.242888535875,1.0,42.744,0.0,0.16666666666666666,Fear
2024-08-31,34,107507.43109782883,1.0,0.3200823823529412,0.0,0.35294117647058826,Fear
2024-09-01,12,12359.663834683,1.0,11.452757750000002,0.0,0.4166666666666667,Fear
2024-09-02,2,30000.424769999998,1.0,0.0,0.0,0.0,Fear
2024-09-04,34,131480.94938499999,1.0,31.346621529411763,0.0,0.14705882352941177,Fear
2024-09-05,1,0.8427951946369999,1.0,0.0,0.0,0.0,Fear
2024-09-06,42,39047.114830000006,1.0,-26.306113452380952,-24.855381,0.0,Extreme Fear
2024-09-08,1,0.10981749839999999,1.0,0.0,0.0,0.0,Fear
2024-09-09,2,4014.42,1.0,0.0,0.0,0.0,Fear
2024-09-10,3,2547.28609,1.0,-73.24321966666666,-37.697891,0.0,Fear
2024-09-11,1,0.5380624473,1.0,0.0,0.0,0.0,Fear
2024-09-14,11,1014.8075296319199,1.0,0.0,0.0,0.0,Neutral
2024-09-18,145,13633.51601,1.0,-6.059895131034483,-5.504981,0.0,Neutral
2024-09-19,19,1521.854026,1.0,0.0,0.0,0.0,Neutral
2024-09-20,16,332873.40741,1.0,599.0646425,34.911835,0.5,Neutral
2024-09-21,23,165648.14804,1.0,1572.416057826087,1147.561968,1.0,Neutral
2024-09-22,3,19999.737970000002,1.0,0.0,0.0,0.0,Neutral
2024-09-23,2,40334.29548,1.0,167.380398,167.380398,0.5,Neutral
2024-09-24,10,7118.647723,1.0,0.0,0.0,0.0,Neutral
2024-09-25,9,52754.136719999995,1.0,0.0,0.0,0.0,Greed
2024-09-26,8,113711.927413,1.0,54.976564125,0.0,0.25,Neutral
2024-09-27,56,126097.029356,1.0,0.0,0.0,0.0,Greed
2024-09-28,4,29199.208700000003,1.0,0.0,0.0,0.0,Greed
2024-09-30,106,214670.00032,1.0,25.571946113207545,0.0,0.04716981132075472,Greed
2024-10-01,4,139954.32129,1.0,0.0,0.0,0.0,Neutral
2024-10-02,4,99954.34189,1.0,0.0,0.0,0.0,Fear
2024-10-03,9,132935.701832,1.0,11.152864666666666,0.0,0.3333333333333333,Fear
2024-10-04,1,0.33810461189999996,1.0,0.0,0.0,0.0,Fear
2024-10-05,37,605605.7145409533,1.0,155.86924032432432,39.480396,0.6486486486486487,Neutral
2024-10-06,22,300130.58184,1.0,5.9312308636363635,0.0,0.22727272727272727,Neutral
2024-10-07,21,219984.64516000001,1.0,0.0,0.0,0.0,Neutral
2024-10-08,36,434584.1281958693,1.0,149.90407327777777,29.615628,0.9166666666666666,Neutral
2024-10-09,14,220399.92491,1.0,28.290194285714286,0.0,0.21428571428571427,Neutral
2024-10-10,16,300024.33151,1.0,0.0,0.0,0.0,Fear
2024-10-11,26,488904.16735649866,1.0,341.74336450000004,232.8029795,0.6923076923076923,Fear
2024-10-12,10,159713.39476,1.0,54.155471,20.7155355,0.7,Neutral
2024-10-13,10,60002.41658999999,1.0,0.0,0.0,0.0,Neutral
2024-10-14,5,61916.017750000006,1.0,382.72391600000003,43.747165,1.0,Neutral
2024-10-15,7,81173.36482999999,1.0,167.17515371428573,11.821311,0.5714285714285714,Greed
2024-10-16,11,80229.16954,1.0,19.95280690909091,0.0,0.2727272727272727,Greed
2024-10-17,9,140531.75086,1.0,4.0127733333333335,0.0,0.1111111111111111,Greed
2024-10-18,6,120331.43022,1.0,55.536523499999994,51.8558325,0.8333333333333334,Greed
2024-10-19,4,99996.86605000001,1.0,0.0,0.0,0.0,Greed
2024-10-20,96,176447.874719,1.0,4.05370621875,0.0,0.11458333333333333,Greed
2024-10-21,173,324118.01302,1.0,14.248066843930635,0.0,0.3930635838150289,Greed
2024-10-22,3,60000.3603,1.0,0.0,0.0,0.0,Greed
2024-10-23,18,210006.05804,1.0,-2.5827745,0.0,0.0,Greed
2024-10-25,30,427883.18564,1.0,441.19540236666666,61.1408675,0.7,Greed
2024-10-26,6,88668.84961,1.0,7078.6656883333335,8057.245408000001,1.0,Greed
2024-10-27,4,90664.40483,1.0,166.66557699999998,30.289636,0.75,Greed
2024-10-28,13,121495.23672,1.0,12.867704769230771,0.0,0.3076923076923077,Greed
2024-10-29,53,613267.82764,1.0,15.11643162264151,0.0,0.05660377358490566,Greed
2024-10-30,25,11830.848523,1.0,0.36600091999999995,0.0,0.28,Extreme Greed
2024-10-31,48,896173.3526710001,1.0,25.292579395833332,19.0994085,0.7083333333333334,Extreme Greed
2024-11-01,23,260981.03281,1.0,45.238075478260875,0.0,0.2608695652173913,Extreme Greed
2024-11-02,2,39999.9936,1.0,0.0,0.0,0.0,Greed
2024-11-03,6,129055.6699,1.0,0.0,0.0,0.0,Greed
2024-11-04,36,451811.99086,1.0,77.76140205555555,29.134382,0.6388888888888888,Greed
2024-11-05,10,200627.22152,1.0,67.8475928,10.511846,0.5,Greed
2024-11-06,15,123906.91204000001,1.0,187.85581533333334,0.0,0.4666666666666667,Greed
2024-11-07,113,111335.248923,1.0,39.764187044247784,3.894186,0.5309734513274337,Extreme Greed
2024-11-08,39,270700.42376000003,1.0,-1.6516292564102582,0.0,0.15384615384615385,Extreme Greed
2024-11-09,86,193384.397206,1.0,1.196615581395349,0.0,0.22093023255813954,Extreme Greed
2024-11-10,173,413636.714386,1.0,5.728984589595376,0.0,0.2947976878612717,Extreme Greed
2024-11-11,373,1570572.268259,1.0,18.09552545844504,0.0,0.24664879356568364,Extreme Greed
2024-11-12,171,1226354.4955799999,1.0,20.435084175438597,0.0,0.19883040935672514,Extreme Greed
2024-11-13,48,515336.40695100004,1.0,163.46671404166668,11.65871,0.5625,Extreme Greed
2024-11-14,110,1008361.796498,1.0,41.4864475,0.0,0.2545454545454545,Extreme Greed
2024-11-15,149,1427858.505675,1.0,27.790204281879195,0.0,0.3691275167785235,Extreme Greed
2024-11-16,157,303296.101346,1.0,17.640266936305732,0.0,0.3057324840764331,Extreme Greed
2024-11-17,209,1215987.528332,1.0,4.224762129186603,0.0,0.23444976076555024,Extreme Greed
2024-11-18,346,2084339.59982066,1.0,12.921431176300578,0.0,0.3583815028901734,Extreme Greed
2024-11-19,305,628031.1904862984,1.0,9.699242593442623,0.0,0.4918032786885246,Extreme Greed
2024-11-20,550,1999514.154817,1.0,7.654714358181818,0.0,0.3981818181818182,Extreme Greed
2024-11-21,535,598300.558755,1.0,3.1634222261682243,0.0,0.308411214953271,Extreme Greed
2024-11-22,679,1646713.6355,1.0,-26.664721085419732,0.0,0.3078055964653903,Extreme Greed
2024-11-23,363,516245.725623,1.0,7.993200104683195,0.0,0.3526170798898072,Extreme Greed
2024-11-24,172,664952.281453,1.0,5.497385965116279,0.0,0.26744186046511625,Extreme Greed
2024-11-25,255,937410.852452,1.0,21.66172836862745,0.0,0.4117647058823529,Extreme Greed
2024-11-26,302,1146902.403842,1.0,3.6251965529801327,0.0,0.2913907284768212,Extreme Greed
2024-11-27,213,1444242.525653,1.0,-12.462420812206572,0.0,0.3474178403755869,Extreme Greed
2024-11-28,332,1894225.11699,1.0,-382.75722766566264,0.0,0.32831325301204817,Extreme Greed
2024-11-29,393,794262.90333934,1.0,449.98726247328244,0.0,0.48854961832061067,Extreme Greed
2024-11-30,373,1732193.6593480066,1.0,100.04475474530831,0.0,0.42091152815013405,Extreme Greed
2024-12-01,416,814711.9570724809,1.0,98.28453003365385,0.5600160000000001,0.53125,Extreme Greed
2024-12-02,270,585243.4758392512,1.0,68.48001597407408,0.0,0.4074074074074074,Extreme Greed
2024-12-03,374,1084666.510653,1.0,63.03887509358289,0.0,0.4304812834224599,Extreme Greed
2024-12-04,319,769287.6978940717,1.0,918.1561599404388,0.0,0.46394984326018807,Extreme Greed
2024-12-05,456,1256750.7987900001,1.0,156.96078615789474,0.0,0.4232456140350877,Extreme Greed
2024-12-06,403,3471019.3051,1.0,-229.83782604218362,0.0,0.23325062034739455,Greed
2024-12-07,304,451733.35789760563,1.0,282.5864442993421,0.0,0.4309210526315789,Extreme Greed
2024-12-08,420,932939.660374,1.0,38.014127228571425,0.0,0.3619047619047619,Extreme Greed
2024-12-09,539,983949.726508,1.0,11.708659881261596,0.0,0.31910946196660483,Extreme Greed
2024-12-10,1596,3150423.8495111354,1.0,24.640206911654136,0.787791,0.5870927318295739,Extreme Greed
2024-12-11,1221,2194098.364461,1.0,261.30348420720725,2.259711,0.7125307125307125,Greed
2024-12-12,1932,4557189.73703446,1.0,310.1199767122153,10.681751,0.6997929606625258,Extreme Greed
2024-12-13,1173,2880824.535528,1.0,27.22583268968457,0.0,0.40153452685422,Extreme Greed
2024-12-14,1235,2369561.7912950674,1.0,135.87157833522267,0.0,0.47368421052631576,Extreme Greed
2024-12-15,1697,2583269.80463575,1.0,57.4692488385386,0.0,0.24572775486152032,Extreme Greed
2024-12-16,1055,2740808.9615622945,1.0,158.07994704549765,0.086172,0.5071090047393365,Extreme Greed
2024-12-17,1941,5233597.723958275,1.0,113.13307839876352,0.0,0.4363730036063885,Extreme Greed
2024-12-18,1429,3798887.0894005722,1.0,9.575223703988803,0.0,0.36599020293911827,Extreme Greed
2024-12-19,3339,8241709.511445015,1.0,18.79125621024259,0.166937,0.6148547469302186,Extreme Greed
2024-12-20,2488,7681274.81126886,1.0,102.47976689670418,1.454962,0.5558681672025724,Greed
2024-12-21,1681,4382875.0773546,1.0,89.24578415050566,1.390236,0.5496728138013087,Greed
2024-12-22,774,3087320.219224,1.0,455.03509557235145,0.0,0.4354005167958656,Greed
2024-12-23,2347,6771878.43537355,1.0,-12.53967898466127,0.0,0.2901576480613549,Greed
2024-12-24,338,1767036.1242604079,1.0,43.827751822485205,0.0,0.33727810650887574,Greed
2024-12-25,208,347889.27224130736,1.0,3.637774264423076,0.0,0.30288461538461536,Greed
2024-12-26,697,2205242.687897,1.0,86.41124780774749,0.159494,0.5136298421807748,Extreme Greed
2024-12-27,260,347912.9494670144,1.0,10.280042442307693,0.0,0.4230769230769231,Greed
2024-12-28,161,281555.105363,1.0,5.842693310559007,0.0,0.22981366459627328,Greed
2024-12-29,201,344628.494552,1.0,14.348596651741294,0.0,0.31840796019900497,Greed
2024-12-30,304,1073865.740501,1.0,29.637296503289473,0.0,0.39473684210526316,Greed
2024-12-31,306,877164.63378,1.0,17.794159509803922,0.0,0.3006535947712418,Greed
2025-01-01,96,282582.080708,1.0,-99.25068067708334,0.0,0.3020833333333333,Greed
2025-01-02,361,774674.85594,1.0,24.145482235457067,0.0,0.45706371191135736,Greed
2025-01-03,508,771209.104457,1.0,11.867099986220472,0.0,0.27165354330708663,Greed
2025-01-04,371,1826029.677386,1.0,6.882851665768194,0.0,0.20215633423180593,Greed
2025-01-05,239,451943.5077764512,1.0,13.337737920502093,0.0,0.41841004184100417,Greed
2025-01-06,573,556527.062831,1.0,10.583220581151831,0.0,0.15532286212914484,Extreme Greed
2025-01-07,637,1313178.1710339999,1.0,25.271942748822607,6.222816,0.7613814756671899,Extreme Greed
2025-01-08,1039,3177275.100449,1.0,125.23300342059672,0.0,0.37151106833493747,Greed
2025-01-09,522,1020733.193007,1.0,89.99220096168582,0.0,0.2777777777777778,Greed
2025-01-10,819,6547449.582684,1.0,-12.352717401709402,0.63832,0.5274725274725275,Neutral
2025-01-11,283,1658098.721674,1.0,8.017952424028268,0.0,0.24381625441696114,Greed
2025-01-12,602,2258459.379615,1.0,9.538607646179402,0.72332,0.7840531561461794,Greed
2025-01-13,408,2936648.0209072023,1.0,23.66526801960784,0.0,0.3872549019607843,Greed
2025-01-14,275,876582.0223750001,1.0,58.43459038181818,0.0,0.49818181818181817,Greed
2025-01-15,267,1801599.901969,1.0,55.50407602996255,0.0,0.4606741573033708,Greed
2025-01-16,371,3049692.8926330176,1.0,56.08546988679245,0.0,0.3423180592991914,Extreme Greed
2025-01-17,238,1110230.4997699999,1.0,29.43872104201681,0.515012,0.5294117647058824,Extreme Greed
2025-01-18,651,2711629.918111687,1.0,0.6808495883256523,0.0,0.38095238095238093,Extreme Greed
2025-01-19,1567,9715215.049641617,1.0,56.10963580216975,0.0,0.20229738353541799,Extreme Greed
2025-01-20,1315,8287326.896812,1.0,66.37052408593155,0.3825,0.5224334600760456,Extreme Greed
2025-01-21,530,1523729.631836115,1.0,20.901583813207548,0.0,0.3867924528301887,Extreme Greed
2025-01-22,832,1778406.180462,1.0,24.66875968389423,0.0,0.28125,Extreme Greed
2025-01-23,1218,3697028.66398268,1.0,83.13320374384236,7.492465,0.6609195402298851,Extreme Greed
2025-01-24,874,1611433.4707741083,1.0,12.131326931350113,0.5630105000000001,0.5583524027459954,Extreme Greed
2025-01-25,506,1239377.678231,1.0,-20.450625011857706,0.0,0.27865612648221344,Extreme Greed
2025-01-26,451,1201173.584255,1.0,90.51766445232816,0.0,0.43458980044345896,Greed
2025-01-27,773,1508028.281058,1.0,53.469295461837,0.0,0.4760672703751617,Greed
2025-01-28,498,579412.0645028818,1.0,36.103642516064255,2.573011,0.6285140562248996,Greed
2025-01-29,910,1897513.272527,1.0,25.737375241758244,0.0,0.4164835164835165,Greed
2025-01-30,1067,3014397.231249,1.0,21.64711470009372,0.0,0.3467666354264292,Greed
2025-01-31,1016,2783411.415887,1.0,35.303441705708664,0.8434925,0.5413385826771654,Extreme Greed
2025-02-01,634,1363746.251289,1.0,50.946695610410096,1.763296,0.5962145110410094,Greed
2025-02-02,1319,5661092.351257195,1.0,123.46835452843062,0.0,0.35860500379075055,Greed
2025-02-03,2380,22592901.397937045,1.0,146.58459086932774,0.0,0.4634453781512605,Fear
2025-02-04,2512,15678409.382138,1.0,165.9541752070064,0.0,0.276671974522293,Greed
2025-02-05,1297,8743231.55327,1.0,43.721075992289904,0.0,0.3215111796453354,Neutral
2025-02-06,1703,2818508.789804,1.0,19.84955944392249,0.0,0.46095126247798,Neutral
2025-02-07,1524,3460263.544349,1.0,14.730972500656167,0.0,0.2821522309711286,Fear
2025-02-08,575,839735.3870250001,1.0,1.0203534834782608,0.0,0.19130434782608696,Fear
2025-02-09,764,2920919.6308292,1.0,197.05736844502616,0.0,0.4306282722513089,Neutral
2025-02-10,889,3624958.646305,1.0,71.88807047244094,0.0,0.4780652418447694,Fear
2025-02-11,848,2797544.226785,1.0,-7.186067001179245,0.0,0.21816037735849056,Neutral
2025-02-12,1031,4143974.446796168,1.0,19.251828353055284,0.0,0.4626576139670223,Neutral
2025-02-13,1370,3199852.209671,1.0,20.313528640875912,0.0,0.4678832116788321,Neutral
2025-02-14,1655,4007103.2442844,1.0,129.22095184773414,0.0,0.42900302114803623,Neutral
2025-02-15,932,1712852.9726,1.0,48.32932082618026,0.0,0.4302575107296137,Neutral
2025-02-16,681,806177.54267,1.0,3.4794103157121876,0.0,0.44052863436123346,Neutral
2025-02-17,941,2031044.5278709999,1.0,1.9325964877789585,0.0,0.22422954303931988,Neutral
2025-02-18,1676,3371128.755508,1.0,54.418062292959426,0.061069,0.5119331742243437,Neutral
2025-02-19,1361,3263930.31753133,1.0,11.010870463629685,0.0,0.4276267450404115,Fear
2025-02-20,2012,4628609.276245,1.0,22.867193887673956,0.0,0.47912524850894633,Neutral
2025-02-21,1873,3972159.9927710197,1.0,63.904695114789114,0.109988,0.5221569674319274,Greed
2025-02-22,686,3175570.174686,1.0,36.849423,0.0,0.4970845481049563,Neutral
2025-02-23,520,1141310.664357,1.0,20.494104328846156,0.0,0.45,Neutral
2025-02-24,5616,11223619.8034631,1.0,6.850102607193732,0.0,0.39672364672364674,Neutral
2025-02-25,6246,19414984.756965,1.0,32.782929400256165,0.0,0.260646813960935,Fear
2025-02-26,1176,4946957.969294,1.0,53.76621014370748,1.4922360000000001,0.6709183673469388,Extreme Fear
2025-02-27,890,1999898.305549,1.0,-41.039514064044944,0.0,0.27752808988764044,Extreme Fear
2025-02-28,1019,4123660.762637,1.0,221.4211077016683,0.0,0.3886162904808636,Extreme Fear
2025-03-01,174,263824.12591388,1.0,60.897177977011495,0.0,0.4482758620689655,Extreme Fear
2025-03-02,532,6460848.75823,1.0,125.77879832330827,0.0120845,0.5018796992481203,Fear
2025-03-03,1482,8244590.617822,1.0,415.9332201302294,9.005766,0.6153846153846154,Fear
2025-03-04,2402,11124247.007898001,1.0,75.80165136761032,0.0,0.25353871773522063,Extreme Fear
2025-03-05,1660,9193653.8498,1.0,162.24600356445782,34.0166975,0.7584337349397591,Extreme Fear
2025-03-06,760,6765325.028567,1.0,21.18569152763158,0.0,0.48026315789473684,Fear
2025-03-07,2552,19854275.554943,1.0,58.86993010462382,0.231811,0.5223354231974922,Fear
2025-03-08,529,892083.4479949999,1.0,46.69333338185255,4.088704,0.5689981096408318,Fear
2025-03-09,1422,10419697.999238,1.0,13.905384947257385,0.0,0.4409282700421941,Fear
2025-03-10,2911,16811790.415495,1.0,-3.438690233596702,0.0,0.39745791824115423,Extreme Fear
2025-03-11,3286,14016952.17719,1.0,-23.3964482763238,0.0,0.18746195982958003,Extreme Fear
2025-03-12,3968,18618139.113543,1.0,72.60735489289314,1.6060059999999998,0.5645161290322581,Fear
2025-03-13,962,3285591.083667,1.0,14.672422944906446,0.0,0.4573804573804574,Neutral
2025-03-14,2210,8047187.3251942545,1.0,31.061610899999998,1.88254,0.8538461538461538,Fear
2025-03-15,261,2355749.524356,1.0,301.51197154022987,0.650626,0.5938697318007663,Neutral
2025-03-16,530,10187921.386796,1.0,-14.926308575471696,0.0,0.2320754716981132,Fear
2025-03-17,920,3592895.2260114,1.0,28.439028818478263,0.0,0.4532608695652174,Fear
2025-03-18,834,4050655.349877,1.0,86.71797221103118,0.0,0.22541966426858512,Fear
2025-03-19,1612,4598813.831943,1.0,18.222507655707197,0.0,0.4162531017369727,Fear
2025-03-20,771,1652257.889713,1.0,13.290349463035021,0.0,0.4085603112840467,Neutral
2025-03-21,698,2543903.513556,1.0,9.958840077363897,0.009684,0.5,Fear
2025-03-22,535,971809.293555,1.0,23.361748138317758,0.0,0.4747663551401869,Fear
2025-03-23,447,2593519.577109,1.0,31.425999071588368,0.0,0.32662192393736017,Fear
2025-03-24,1027,3017587.067773,1.0,105.04280555111977,1.5312,0.6153846153846154,Neutral
2025-03-25,791,5372519.7425110005,1.0,40.49419314791403,0.0,0.3615676359039191,Neutral
2025-03-26,3102,7597754.2762050005,1.0,5.094186791424887,0.0,0.27111540941328177,Neutral
2025-03-27,785,3240279.56362,1.0,74.9367633388535,0.0,0.33375796178343947,Fear
2025-03-28,728,1483092.730849,1.0,29.30931227335165,0.0,0.3173076923076923,Fear
2025-03-29,1894,3668151.720227,1.0,6.38800049155227,0.0,0.3558606124604013,Fear
2025-03-30,568,2850874.991526816,1.0,27.8083013028169,0.0,0.16549295774647887,Fear
2025-03-31,495,2164772.575714,1.0,14.097342539393939,0.580795,0.5232323232323233,Fear
2025-04-01,192,704445.12239,1.0,-11.472199177083334,0.0,0.4583333333333333,Fear
2025-04-02,1076,3867930.737374,1.0,187.930056633829,28.665758500000003,0.8949814126394052,Fear
2025-04-03,1748,8670233.201231001,1.0,-1.353524757437071,0.0,0.2974828375286041,Fear
2025-04-04,1272,3835545.73728,1.0,-20.05949602987421,0.0,0.38757861635220126,Fear
2025-04-05,360,1267564.24297765,1.0,99.74260475,1.814678,0.5805555555555556,Fear
2025-04-06,1048,3551252.0569633464,1.0,44.89832945801527,0.0,0.31679389312977096,Fear
2025-04-07,2814,14460253.178459,1.0,12.269854408315563,0.0,0.23916133617626156,Extreme Fear
2025-04-08,943,8869391.44792445,1.0,37.00890222481442,0.0,0.4093319194061506,Extreme Fear
2025-04-09,3967,28556805.94634,1.0,10.86978694151752,0.0,0.43055205444920597,Extreme Fear
2025-04-10,2127,28741953.615789194,1.0,74.40612236060178,0.05977,0.5289139633286318,Fear
2025-04-11,1096,11319327.182071,1.0,115.33437872354014,0.0,0.3357664233576642,Fear
2025-04-12,2109,55914617.530629,1.0,194.60393292223802,0.0,0.2721669037458511,Fear
2025-04-13,1321,14171154.5799719,1.0,36.86299888039364,0.0,0.3618470855412566,Neutral
2025-04-14,890,13079972.788512,1.0,51.32634052022472,0.0,0.42247191011235957,Fear
2025-04-15,1131,20752167.96382805,1.0,63.976751796640144,0.621726,0.5720601237842617,Fear
2025-04-16,1608,36502715.738832,1.0,36.46251881654229,0.0,0.3401741293532338,Fear
2025-04-17,1031,2604551.508962,1.0,5.264713759456837,0.0,0.30358874878758485,Fear
2025-04-18,1894,24610650.418877,1.0,2.576771248152059,0.055965,0.5126715945089757,Fear
2025-04-19,2786,32706462.99787461,1.0,25.82576363783202,0.0,0.2921751615218952,Fear
2025-04-20,1982,12126094.1101076,1.0,12.643966668012109,0.0,0.3985872855701312,Fear
2025-04-21,1718,42104054.805227004,1.0,20.005394590803256,0.0,0.3940628637951106,Fear
2025-04-22,2998,33753625.25389654,1.0,19.563963835223483,0.0,0.2961974649766511,Neutral
2025-04-23,6159,30682443.718835,1.0,-68.03380836678032,0.0,0.324728040266277,Greed
2025-04-24,2232,35088918.521418,1.0,22.717023281810036,0.0,0.4135304659498208,Greed
2025-04-25,1653,27749456.11413418,1.0,12.231614764670297,0.0,0.38596491228070173,Greed
2025-04-26,1131,11948127.616027,1.0,-3.6478814694960215,0.0,0.1724137931034483,Greed
2025-04-27,337,487537.776236,1.0,8.018004356083086,0.0,0.3560830860534125,Greed
2025-04-28,1379,26124921.623683,1.0,26.763461754169686,0.0,0.4169688179840464,Neutral
2025-04-29,2243,34089511.400916,1.0,56.06313572313866,0.0,0.43201069995541685,Greed
2025-04-30,1113,12693878.608166,1.0,12.582028094339623,0.0,0.26504941599281223,Greed
2025-05-01,1230,10720240.60794,1.0,44.338885607317074,0.0,0.43089430894308944,Neutral
